# Host: localhost  (Version: 5.6.22)
# Date: 2020-05-15 17:03:57
# Generator: MySQL-Front 5.3  (Build 4.234)

/*!40101 SET NAMES utf8 */;

#
# Structure for table "goodsinfo"
#

DROP TABLE IF EXISTS `goodsinfo`;
CREATE TABLE `goodsinfo` (
  `goodsId` varchar(10) NOT NULL,
  `goodsName` varchar(100) DEFAULT NULL,
  `typeId` char(3) NOT NULL,
  `goodsPrice` float DEFAULT NULL,
  `goodsCount` int(11) DEFAULT NULL,
  `goodsDesc` varchar(100) DEFAULT NULL,
  `goodsImg` varchar(100) DEFAULT NULL,
  `beiyong1` varchar(100) DEFAULT NULL,
  `beiyong2` varchar(100) DEFAULT NULL,
  `beiyong3` varchar(100) DEFAULT NULL,
  `beiyong4` varchar(100) DEFAULT NULL,
  `beiyong5` varchar(100) DEFAULT NULL,
  `beiyong6` varchar(100) DEFAULT NULL,
  `beiyong7` varchar(100) DEFAULT NULL,
  `beiyong8` varchar(100) DEFAULT NULL,
  `beiyong9` varchar(100) DEFAULT NULL,
  `beiyong10` varchar(100) DEFAULT NULL,
  `beiyong11` varchar(100) DEFAULT NULL,
  `beiyong12` varchar(100) DEFAULT NULL,
  `beiyong13` varchar(100) DEFAULT NULL,
  PRIMARY KEY (`goodsId`),
  KEY `typeId` (`typeId`)
) ENGINE=MyISAM DEFAULT CHARSET=utf8;

#
# Data for table "goodsinfo"
#

/*!40000 ALTER TABLE `goodsinfo` DISABLE KEYS */;
INSERT INTO `goodsinfo` VALUES ('001','bannerpic1','001',1000,1,'111','../images/index/img1.jpg','Redmi 8A 4GB+64GB','','','','','','','','','','','',''),('002','bannerpic2','001',2000,0,'','../images/index/img2.webp','Redmi K30 5G','','','','','','','','','','','',''),('003','bannerpic3','001',3000,NULL,NULL,'../images/index/img3.webp','Redmiå…¨è‡ªåŠ¨æ³¢è½®æ´—è¡£æœº1A 8kg',NULL,NULL,NULL,NULL,NULL,NULL,NULL,NULL,NULL,NULL,NULL,NULL),('004','bannerpic4','001',4000,NULL,NULL,'../images/index/img4.webp','Redmi K30 Pro',NULL,NULL,NULL,NULL,NULL,NULL,NULL,NULL,NULL,NULL,NULL,NULL),('005','bannerpic5','001',5000,NULL,NULL,'../images/index/img5.webp','Redmi K30 1',NULL,NULL,NULL,NULL,NULL,NULL,NULL,NULL,NULL,NULL,NULL,NULL),('006','MIJOYæŠ½çº¸é’æ˜¥ç‰ˆ24åŒ…/ç®±','002',27.9,0,'ç²¾é€‰åŽŸç”Ÿç«¹æµ†ï¼Œå¥åº·çŽ¯ä¿','../images/index/pic1.jpg','32.9','','','','','','','','','','','',''),('007','å°ç±³è·¯ç”±å™¨4Cç™½è‰²','002',59,0,'300Må•é¢œé«˜å¢žç›Š4å¤©çº¿','../images/index/pic2.jpg','99','','','','','','','','','','','',''),('008','Redmi 8A 4GB+64GB','002',699,0,'5000mAhè¶…é•¿ç»­èˆª','../images/index/pic3.jpg','799','','','','','','','','','','','',''),('009','å°ç±³å‡€æ°´å™¨500G ç™½è‰²','002',1399,0,'ç›´æ°´çº¯å‡€æ°´æ›´ç•…å¿«','../images/index/pic4.jpg','2189','','','','','','','','','','','',''),('010','MIJOYæŠ½çº¸é’æ˜¥ç‰ˆ24åŒ…/ç®±','002',59,0,'ç²¾é€‰åŽŸç”Ÿç«¹æµ†ï¼Œå¥åº·çŽ¯ä¿','../images/index/pic5.jpg','99','','','','','','','','','','','',''),('011','MIJOYæŠ½çº¸é’æ˜¥ç‰ˆ24åŒ…/ç®±','002',26,0,'ç²¾é€‰åŽŸç”Ÿç«¹æµ†ï¼Œå¥åº·çŽ¯ä¿','../images/index/pic6.jpg','32','','','','','','','','','','','',''),('012','MIJOYæŠ½çº¸é’æ˜¥ç‰ˆ24åŒ…/ç®±','002',29,0,'ç²¾é€‰åŽŸç”Ÿç«¹æµ†ï¼Œå¥åº·çŽ¯ä¿','../images/index/pic7.jpg','37','','','','','','','','','','','',''),('013','MIJOYæŠ½çº¸é’æ˜¥ç‰ˆ24åŒ…/ç®±','002',23,0,'ç²¾é€‰åŽŸç”Ÿç«¹æµ†ï¼Œå¥åº·çŽ¯ä¿','../images/index/pic8.jpg','36','','','','','','','','','','','',''),('014','MIJOYæŠ½çº¸é’æ˜¥ç‰ˆ24åŒ…/ç®±','002',59,0,'ç²¾é€‰åŽŸç”Ÿç«¹æµ†ï¼Œå¥åº·çŽ¯ä¿','../images/index/pic9.jpg','99','','','','','','','','','','','',''),('015','Redmi 8A 4GB+64GB','002',59,0,'ç²¾é€‰åŽŸç”Ÿç«¹æµ†ï¼Œå¥åº·çŽ¯ä¿','../images/index/pic10.jpg','99','','','','','','','','','','','',''),('016','å°ç±³10 é’æ˜¥ç‰ˆ 5G','003',2099,0,'50å€æ½œæœ›å¼å˜ç„¦/è½»è–„5Gæ‰‹æœº','../images/index/xiaomi10qingchun5.jpg','','','','','','','','','','','','',''),('017','å°ç±³10','003',3999,0,'éªé¾™865/1äº¿åƒç´ ç›¸æœº','../images/index/xiaomi10qingchun5.jpg','','','','','','','','','','','','',''),('018','Redmi K30 Pro','003',2999,0,'åŒæ¨¡5G éªé¾™985 å¼¹å‡ºå…¨é¢å±','../images/index/RedmiK30Pro.webp','','','','','','','','','','','','',''),('019','Redmi K30 Pro å˜ç„¦ç‰ˆ','003',3799,0,'åŒæ¨¡5G éªé¾™985 å¼¹å‡ºå…¨é¢å±','../images/index/K30bianjiao.webp','','','','','','','','','','','','',''),('020','å°ç±³10Pro','003',3799,0,'åŒæ¨¡5G éªé¾™985 å¼¹å‡ºå…¨é¢å±','../images/index/mi10Pro.webp','','','','','','','','','','','','',''),('021','Redmi K30','003',1599,0,'åŒæ¨¡5G éªé¾™985 å¼¹å‡ºå…¨é¢å±','../images/index/Redmi30.webp','1699å…ƒ','','','','','','','','','','','',''),('022','Redmi K30 5G','003',1999,0,'åŒæ¨¡5G éªé¾™985 å¼¹å‡ºå…¨é¢å±','../images/index/Redmi305G.webp','','','','','','','','','','','','',''),('023','Redmi K30 1','003',699,0,'åŒæ¨¡5G éªé¾™985 å¼¹å‡ºå…¨é¢å±','../images/index/Redmi8.webp','799å…ƒ','','','','','','','','','','','',''),('024','Redmi çº¢ç±³ç”µè§† 70è‹±å¯¸','004',3099,0,'70è‹±å¯¸éœ‡æ’¼å·¨å±ï¼Œ4Kç”»è´¨ï¼Œç»†è…»å¦‚çœŸ','../images/index/hongmidianshi70.webp','3799å…ƒ','','','','','','','','','','','',''),('025','å°ç±³å…¨é¢å±ç”µè§†E32C','004',699,0,'å…¨é¢å±è®¾è®¡ï¼Œäººå·¥æ™ºèƒ½ç³»ç»Ÿ','../images/index/E32C.webp','899å…ƒ','','','','','','','','','','','',''),('026','å°ç±³å…¨é¢å±ç”µè§†E55A','004',1799,0,'å…¨é¢å±è®¾è®¡ï¼Œäººå·¥æ™ºèƒ½ç³»ç»Ÿ','../images/index/E55A.webp','1999å…ƒ','','','','','','','','','','','',''),('027','ç±³å®¶ç©ºè°ƒ','004',1299,0,'å‡ºä¼—é™éŸ³ï¼Œå¿«é€Ÿåˆ¶å†·åˆ¶çƒ­','../images/index/mijiakongtiao.jpg','1799å…ƒ','','','','','','','','','','','',''),('028','ç±³å®¶äº’è”ç½‘æ´—çƒ˜ä¸€ä½“æœºPro 10kg','004',2999,0,'æ™ºèƒ½æ´—çƒ˜ï¼Œçœå¿ƒçœåŠ›','../images/index/xihong.webp','152','','','','','','','','','','','',''),('029','Redmiå…¨è‡ªåŠ¨æ³¢è½®æ´—è¡£æœº1A 8kg','004',749,0,'ä¸€é”®æ“ä½œï¼Œçˆ¶æ¯éƒ½çˆ±ç”¨','../images/index/bolun.webp','899å…ƒ','','','','','','','','','','','',''),('030','ç±³å®¶äº’è”ç½‘æ´—çƒ˜ä¸€ä½“æœºPro 10kg','004',59,0,'ç²¾é€‰åŽŸç”Ÿç«¹æµ†ï¼Œå¥åº·çŽ¯ä¿','../images/index/pic1.jpg','99','','','','','','','','','','','',''),('031','Redmi hhh 70è‹±å¯¸','005',2999,0,'70è‹±å¯¸éœ‡æ’¼å·¨å±ï¼Œ4Kç”»è´¨ï¼Œç»†è…»å¦‚çœŸ','../images/index/hongmidianshi70.webp','3299','','','','','','','','','','','',''),('032','Redmi hhh 70è‹±å¯¸','005',2999,0,'70è‹±å¯¸éœ‡æ’¼å·¨å±ï¼Œ4Kç”»è´¨ï¼Œç»†è…»å¦‚çœŸ','../images/index/E32C.webp','3999','','','','','','','','','','','',''),('033','Redmi hhh 70è‹±å¯¸','005',2999,0,'70è‹±å¯¸éœ‡æ’¼å·¨å±ï¼Œ4Kç”»è´¨ï¼Œç»†è…»å¦‚çœŸ','../images/index/E55A.webp','3999','','','','','','','','','','','',''),('034','Redmi hhh 70è‹±å¯¸','005',2989,0,'70è‹±å¯¸éœ‡æ’¼å·¨å±ï¼Œ4Kç”»è´¨ï¼Œç»†è…»å¦‚çœŸ','../images/index/mijiakongtiao.jpg','3969','','','','','','','','','','','',''),('035','Redmi hhh 70è‹±å¯¸','005',2989,0,'70è‹±å¯¸éœ‡æ’¼å·¨å±ï¼Œ4Kç”»è´¨ï¼Œç»†è…»å¦‚çœŸ','../images/index/xihong.webp','3969','','','','','','','','','','','',''),('036','Redmi hhh 70è‹±å¯¸','005',2989,0,'70è‹±å¯¸éœ‡æ’¼å·¨å±ï¼Œ4Kç”»è´¨ï¼Œç»†è…»å¦‚çœŸ','../images/index/bolun.webp','3969','','','','','','','','','','','',''),('037','Redmi hhh 70è‹±å¯¸','005',2989,0,'70è‹±å¯¸éœ‡æ’¼å·¨å±ï¼Œ4Kç”»è´¨ï¼Œç»†è…»å¦‚çœŸ','../images/index/sihe.webp','3969','','','','','','','','','','','',''),('038','å°ç±³ã€Œå°çˆ±è€å¸ˆã€','006',425,0,'è‹±è¯­æåˆ†åˆ©å™¨','../images/index/xiaoailaoshi.webp','499å…ƒ','','','','','','','','','','','',''),('039','å°ç±³ç±³å®¶æ™ºèƒ½é—¨é” æŽ¨æ‹‰å¼','006',1599,0,'è‹±è¯­æåˆ†åˆ©å™¨','../images/index/tuila.webp','1699å…ƒ','','','','','','','','','','','',''),('040','å°ç±³å°çˆ±éŸ³ç®± Play','006',89,0,'å¬éŸ³ä¹ï¼Œè¯­è¯­éŸ³é¥æŽ§å®¶ç”µ','../images/index/yingxiang.webp','169å…ƒ','','','','','','','','','','','',''),('041','å°çˆ±éŸ³ç®±ä¸‡èƒ½é¥æŽ§ç‰ˆ','006',149,0,'ä¼ ç»Ÿå®¶ç”µç§’å˜æ™ºèƒ½','../images/index/wannengyingxiang.webp','189å…ƒ','','','','','','','','','','','',''),('042','ç±³å®¶ç”µé¥­ç…²4L','006',249,0,'890W ç«‹ä½“åŠ çƒ­','../images/index/dianfanbao4L.webp','289å…ƒ','','','','','','','','','','','',''),('043','å°ç±³æ‰‹çŽ¯4','006',169,0,'å¤§å±æ˜¾å½©ï¼Œ20å¤©è¶…é•¿ç»­èˆª','../images/index/xiaomishouhuan4.webp','','','','','','','','','','','','',''),('044','å°ç±³ä½“è„‚ç§°2','006',99,0,'è½»æ¾æŽŒæ¡èº«ä½“è´´è„‚è‚ªçŽ‡','../images/index/tizhicheng.webp','','','','','','','','','','','','',''),('045','å°ç±³hhhã€Œå°çˆ±è€å¸ˆã€','007',425,0,'è‹±è¯­æåˆ†åˆ©å™¨','../images/index/xiaoailaoshi.webp','499å…ƒ','','','','','','','','','','','',''),('046','å°ç±³hhhã€Œå°çˆ±è€å¸ˆã€','007',500,0,'è‹±è¯­æåˆ†åˆ©å™¨','../images/index/tuila.webp','599å…ƒ','','','','','','','','','','','',''),('047','å°ç±³å°çˆ±éŸ³ç®± Play','007',300,0,'å¬éŸ³ä¹ï¼Œè¯­è¯­éŸ³é¥æŽ§å®¶ç”µ','../images/index/yingxiang.webp','369å…ƒ','','','','','','','','','','','',''),('048','å°ç±³å°çˆ±éŸ³ç®± Play','007',300,0,'å¬éŸ³ä¹ï¼Œè¯­è¯­éŸ³é¥æŽ§å®¶ç”µ','../images/index/wannengyingxiang.webp','369å…ƒ','','','','','','','','','','','',''),('049','å°ç±³å°çˆ±éŸ³ç®± Play','007',300,0,'å¬éŸ³ä¹ï¼Œè¯­è¯­éŸ³é¥æŽ§å®¶ç”µ','../images/index/dianfanbao4L.webp','369å…ƒ','','','','','','','','','','','',''),('050','å°ç±³å°çˆ±éŸ³ç®± Play','007',300,0,'å¬éŸ³ä¹ï¼Œè¯­è¯­éŸ³é¥æŽ§å®¶ç”µ','../images/index/xiaomishouhuan4.webp','369å…ƒ','','','','','','','','','','','',''),('051','å°ç±³å°çˆ±éŸ³ç®± Play','007',300,0,'å¬éŸ³ä¹ï¼Œè¯­è¯­éŸ³é¥æŽ§å®¶ç”µ','../images/index/tizhicheng.webp','369å…ƒ','','','','','','','','','','','',''),('052','å°ç±³qqqã€Œå°çˆ±è€å¸ˆã€','008',425,0,'è‹±è¯­æåˆ†åˆ©å™¨','../images/index/xiaoailaoshi.webp','499å…ƒ','','','','','','','','','','','',''),('053','å°ç±³ç±³å®¶æ™ºèƒ½é—¨é” æŽ¨æ‹‰å¼','008',425,0,'è‹±è¯­æåˆ†åˆ©å™¨','../images/index/tuila.webp','499å…ƒ','','','','','','','','','','','',''),('054','å°ç±³å°çˆ±éŸ³ç®± Play','008',425,0,'è‹±è¯­æåˆ†åˆ©å™¨','../images/index/yingxiang.webp','499å…ƒ','','','','','','','','','','','',''),('055','å°çˆ±éŸ³ç®±ä¸‡èƒ½é¥æŽ§ç‰ˆ','008',149,0,'ä¼ ç»Ÿå®¶ç”µç§’å˜æ™ºèƒ½','../images/index/wannengyingxiang.webp','199å…ƒ','','','','','','','','','','','',''),('056','ç±³å®¶ç”µé¥­ç…²4L','008',249,0,'890W ç«‹ä½“åŠ çƒ­','../images/index/dianfanbao4L.webp','299å…ƒ','','','','','','','','','','','',''),('057','ç±³å®¶ç”µé¥­ç…²4L','008',249,0,'890W ç«‹ä½“åŠ çƒ­','../images/index/xiaomishouhuan4.webp','299å…ƒ','','','','','','','','','','','',''),('058','ç±³å®¶ç”µé¥­ç…²4L','008',249,0,'890W ç«‹ä½“åŠ çƒ­','../images/index/tizhicheng.webp','299å…ƒ','','','','','','','','','','','',''),('059','å°ç±³çœŸæ— çº¿è“ç‰™è€³æœº Air 2','009',369,0,'æ™ºèƒ½çœŸæ— çº¿','../images/index/Air2.webp','399å…ƒ','','','','','','','','','','','',''),('060','é«˜é€Ÿæ— çº¿å……å¥—è£…','009',149,0,'å¿«é€Ÿæ— çº¿é—ªå……,Qiå……ç”µæ ‡å‡†','../images/index/taozhuang.webp','','','','','','','','','','','','',''),('061','Redmiå……ç”µå® 10000mAh æ ‡å‡†ç‰ˆ','009',59,0,'10000mAhå¤§ç”µé‡','../images/index/1000chong.webp','79å…ƒ','','','','','','','','','','','',''),('062','Redmiå……ç”µå® 10000mAh æ ‡å‡†ç‰ˆ','009',59,0,'10000mAhå¤§ç”µé‡','../images/index/2000chong.webp','79å…ƒ','','','','','','','','','','','',''),('063','Redmiå……ç”µå® 10000mAh æ ‡å‡†ç‰ˆ','009',59,0,'10000mAhå¤§ç”µé‡','../images/index/5kong.jpg','79å…ƒ','','','','','','','','','','','',''),('064','Redmiå……ç”µå® 10000mAh æ ‡å‡†ç‰ˆ','009',59,0,'10000mAhå¤§ç”µé‡','../images/index/Dots.jpg','79å…ƒ','','','','','','','','','','','',''),('065','Redmiå……ç”µå® 10000mAh æ ‡å‡†ç‰ˆ','009',59,0,'10000mAhå¤§ç”µé‡','../images/index/suishenyx.jpg','79å…ƒ','','','','','','','','','','','',''),('066','å°ç±³hhçœŸæ— çº¿è“ç‰™è€³æœº Air 2','010',369,0,'æ™ºèƒ½çœŸæ— çº¿','../images/index/Air2.webp','399å…ƒ','','','','','','','','','','','',''),('067','é«˜é€Ÿæ— çº¿å……å¥—è£…','010',369,0,'æ™ºèƒ½çœŸæ— çº¿','../images/index/taozhuang.webp','399å…ƒ','','','','','','','','','','','',''),('068','Redmiå……ç”µå® 10000mAh æ ‡å‡†ç‰ˆ','010',59,0,'10000mAhå¤§ç”µé‡','../images/index/1000chong.webp','99å…ƒ','','','','','','','','','','','',''),('069','Redmiå……ç”µå® 10000mAh æ ‡å‡†ç‰ˆ','010',59,0,'10000mAhå¤§ç”µé‡','../images/index/2000chong.webp','99å…ƒ','','','','','','','','','','','',''),('070','Redmiå……ç”µå® 10000mAh æ ‡å‡†ç‰ˆ','010',59,0,'10000mAhå¤§ç”µé‡','../images/index/5kong.jpg','99å…ƒ','','','','','','','','','','','',''),('071','Redmiå……ç”µå® 10000mAh æ ‡å‡†ç‰ˆ','010',59,0,'10000mAhå¤§ç”µé‡','../images/index/Dots.jpg','99å…ƒ','','','','','','','','','','','',''),('072','Redmiå……ç”µå® 10000mAh æ ‡å‡†ç‰ˆ','010',59,0,'10000mAhå¤§ç”µé‡','../images/index/suishenyx.jpg','99å…ƒ','','','','','','','','','','','',''),('073','å°ç±³USBå……ç”µå™¨30Wå¿«å……ç‰ˆï¼ˆ1A1Cï¼‰','011',59,0,'å¤šä¸€ç§æŽ¥å£æ¬§ï¼Œå¤šä¸€ç§é€‰æ‹©','../images/index/30WUSB.webp','','','','','','','','','','','','',''),('074','é«˜é€Ÿæ— çº¿å……å¥—è£…','011',149,0,'å¿«é€Ÿæ— çº¿é—ªå……,Qiå……ç”µæ ‡å‡†','../images/index/taozhuang.webp','','','','','','','','','','','','',''),('075','é«˜é€Ÿæ— çº¿å……å¥—è£…','011',129,0,'å¿«é€Ÿæ— çº¿é—ªå……,Qiå……ç”µæ ‡å‡†','../images/index/10000mAh.webp','','','','','','','','','','','','',''),('076','é«˜é€Ÿæ— çº¿å……å¥—è£…','011',19.9,0,'å¿«é€Ÿæ— çº¿é—ªå……,Qiå……ç”µæ ‡å‡†','../images/index/LED.jpg','','','','','','','','','','','','',''),('077','é«˜é€Ÿæ— çº¿å……å¥—è£…','011',19.9,0,'å¿«é€Ÿæ— çº¿é—ªå……,Qiå……ç”µæ ‡å‡†','../images/index/gaopei.jpg','','','','','','','','','','','','',''),('078','é«˜é€Ÿæ— çº¿å……å¥—è£…','011',24.9,0,'å¿«é€Ÿæ— çº¿é—ªå……,Qiå……ç”µæ ‡å‡†','../images/index/shujuxian.jpg','','','','','','','','','','','','',''),('079','é«˜é€Ÿæ— çº¿å……å¥—è£…','011',24.9,0,'å¿«é€Ÿæ— çº¿é—ªå……,Qiå……ç”µæ ‡å‡†','../images/index/wuxian.webp','','','','','','','','','','','','',''),('080','ç§»åŠ¨ç”µæºé«˜é…ç‰ˆï¼ˆ1000mAhï¼‰','012',129,0,'è½»è–„è®¾è®¡ï¼Œè½»æ¾å‡ºè¡Œ','../images/index/gaopei.jpg','149å…ƒ','','','','','','','','','','','',''),('081','ç§»åŠ¨ç”µæºé«˜é…ç‰ˆï¼ˆ1000mAhï¼‰','012',129,0,'è½»è–„è®¾è®¡ï¼Œè½»æ¾å‡ºè¡Œ','../images/index/shujuxian.jpg','149å…ƒ','','','','','','','','','','','',''),('082','å°ç±³çœŸæ— çº¿è“ç‰™è€³æœº Air2','012',129,0,'è½»è–„è®¾è®¡ï¼Œè½»æ¾å‡ºè¡Œ','../images/index/wuxian.webp','149å…ƒ','','','','','','','','','','','',''),('083','å°ç±³çœŸæ— çº¿è“ç‰™è€³æœº Air2','012',369,0,'è½»è–„è®¾è®¡ï¼Œè½»æ¾å‡ºè¡Œ','../images/index/wuxian.webp','509å…ƒ','','','','','','','','','','','',''),('084','å°ç±³çœŸæ— çº¿è“ç‰™è€³æœº Air2','012',369,0,'è½»è–„è®¾è®¡ï¼Œè½»æ¾å‡ºè¡Œ','../images/index/9e.webp','509å…ƒ','','','','','','','','','','','',''),('085','ç±³å®¶LEDéšèº«ç¯','012',69,0,'è½»è–„è®¾è®¡ï¼Œè½»æ¾å‡ºè¡Œ','../images/index/LED.jpg','99å…ƒ','','','','','','','','','','','',''),('086','ç±³å®¶LEDéšèº«ç¯','012',69,0,'è½»è–„è®¾è®¡ï¼Œè½»æ¾å‡ºè¡Œ','../images/index/10000mAh.webp','99å…ƒ','','','','','','','','','','','',''),('087','å°ç±³USBå……ç”µå™¨qq30Wå¿«å……ç‰ˆqqï¼ˆ1A1Cï¼‰','013',155,0,'å¤šä¸€ç§æŽ¥å£æ¬§ï¼Œå¤šä¸€ç§é€‰æ‹©','../images/index/30WUSB.webp','','','','','','','','','','','','',''),('088','å°ç±³USBå……ç”µå™¨qq30Wå¿«å……ç‰ˆqqï¼ˆ1A1Cï¼‰','013',205,0,'å¤šä¸€ç§æŽ¥å£æ¬§ï¼Œå¤šä¸€ç§é€‰æ‹©','../images/index/taozhuang.webp','','','','','','','','','','','','',''),('089','å°ç±³æ— çº¿å……ç”µå®é’æ˜¥ç‰ˆ10000mAh','013',199,0,'å¤šä¸€ç§æŽ¥å£æ¬§ï¼Œå¤šä¸€ç§é€‰æ‹©','../images/index/10000mAh.webp','','','','','','','','','','','','',''),('090','å°ç±³æ— çº¿å……ç”µå®é’æ˜¥ç‰ˆ10000mAh','013',267,0,'å¤šä¸€ç§æŽ¥å£æ¬§ï¼Œå¤šä¸€ç§é€‰æ‹©','../images/index/LED.jpg','','','','','','','','','','','','',''),('091','å°ç±³æ— çº¿å……ç”µå®é’æ˜¥ç‰ˆ10000mAh','013',189,0,'å¤šä¸€ç§æŽ¥å£æ¬§ï¼Œå¤šä¸€ç§é€‰æ‹©','../images/index/gaopei.jpg','','','','','','','','','','','','',''),('092','å°ç±³æ— çº¿å……ç”µå®é’æ˜¥ç‰ˆ10000mAh','013',269,0,'å¤šä¸€ç§æŽ¥å£æ¬§ï¼Œå¤šä¸€ç§é€‰æ‹©','../images/index/shujuxian.jpg','','','','','','','','','','','','',''),('093','å°ç±³æ— çº¿å……ç”µå®é’æ˜¥ç‰ˆ10000mAh','013',266,0,'å¤šä¸€ç§æŽ¥å£æ¬§ï¼Œå¤šä¸€ç§é€‰æ‹©','../images/index/wuxian.webp','','','','','','','','','','','','',''),('094','ç±³å®¶é£žè¡Œå‘˜å¤ªé˜³é•œ Pro','014',169,0,'å°¼é¾™åå…‰ï¼Œè½»å·§ä½©æˆ´','../images/index/yanjing.webp','199å…ƒ','','','','','','','','','','','',''),('095','å°ç±³å·¨èƒ½å†™ä¸­æ€§ç¬”10æ”¯è£…','014',9.99,0,'ä¸€æ”¯é¡¶4æ”¯ï¼Œè¶…é•¿é¡ºæ»‘ä¹¦å†™','../images/index/zhongxingbi.webp','','','','','','','','','','','','',''),('096','å°ç±³æ—…è¡Œç®± 20è‹±å¯¸ å¸ƒæœ—ç†Šé™é‡ç‰ˆ','014',299,0,'ä¸€æ”¯é¡¶4æ”¯ï¼Œè¶…é•¿é¡ºæ»‘ä¹¦å†™','../images/index/lvxingxiang.webp','329å…ƒ','','','','','','','','','','','',''),('097','å°ç±³æ—…è¡Œç®± 20è‹±å¯¸ å¸ƒæœ—ç†Šé™é‡ç‰ˆ','014',49,0,'ä¸€æ”¯é¡¶4æ”¯ï¼Œè¶…é•¿é¡ºæ»‘ä¹¦å†™','../images/index/minibaowenbei.webp','','','','','','','','','','','','',''),('098','å°ç±³æ—…è¡Œç®± 20è‹±å¯¸ å¸ƒæœ—ç†Šé™é‡ç‰ˆ','014',49,0,'ä¸€æ”¯é¡¶4æ”¯ï¼Œè¶…é•¿é¡ºæ»‘ä¹¦å†™','../images/index/quwen.webp','','','','','','','','','','','','',''),('099','å°ç±³æ—…è¡Œç®± 20è‹±å¯¸ å¸ƒæœ—ç†Šé™é‡ç‰ˆ','014',9.9,0,'ä¸€æ”¯é¡¶4æ”¯ï¼Œè¶…é•¿é¡ºæ»‘ä¹¦å†™','../images/index/ljd.webp','12.9','','','','','','','','','','','',''),('100','å°ç±³æ—…è¡Œç®± 20è‹±å¯¸ å¸ƒæœ—ç†Šé™é‡ç‰ˆ','014',39.9,0,'ä¸€æ”¯é¡¶4æ”¯ï¼Œè¶…é•¿é¡ºæ»‘ä¹¦å†™','../images/index/yashua.jpg','','','','','','','','','','','','',''),('101','ç±³å®¶é£žè¡Œå‘˜å¤ªé˜³é•œqq Pro','015',169,0,'å°¼é¾™åå…‰ï¼Œè½»å·§ä½©æˆ´','../images/index/yanjing.webp','199å…ƒ','','','','','','','','','','','',''),('102','å°ç±³å·¨èƒ½å†™ä¸­æ€§ç¬”10æ”¯è£…','015',9.9,0,'ä¸€æ”¯é¡¶4æ”¯ï¼Œè¶…é•¿é¡ºæ»‘ä¹¦å†™','../images/index/zhongxingbi.webp','','','','','','','','','','','','',''),('103','å°ç±³æ—…è¡Œç®± 20è‹±å¯¸ å¸ƒæœ—ç†Šé™é‡ç‰ˆ','015',299,0,'ä¸€æ”¯é¡¶4æ”¯ï¼Œè¶…é•¿é¡ºæ»‘ä¹¦å†™','../images/index/lvxingxiang.webp','399å…ƒ','','','','','','','','','','','',''),('104','å°ç±³æ—…è¡Œç®± 20è‹±å¯¸ å¸ƒæœ—ç†Šé™é‡ç‰ˆ','015',49,0,'ä¸€æ”¯é¡¶4æ”¯ï¼Œè¶…é•¿é¡ºæ»‘ä¹¦å†™','../images/index/minibaowenbei.webp','','','','','','','','','','','','',''),('105','ç±³å®¶é©±èšŠå™¨åŸºç¡€ç‰ˆ3ä¸ªè£…','015',99,0,'ä¸€æ”¯é¡¶4æ”¯ï¼Œè¶…é•¿é¡ºæ»‘ä¹¦å†™','../images/index/quwen.webp','129å…ƒ','','','','','','','','','','','',''),('106','3å·è£…æŠ½ç»³å¼åžƒåœ¾è¢‹','015',29,0,'ä¸€æ”¯é¡¶4æ”¯ï¼Œè¶…é•¿é¡ºæ»‘ä¹¦å†™','../images/index/ljd.webp','','','','','','','','','','','','',''),('107','3å·è£…æŠ½ç»³å¼åžƒåœ¾è¢‹','015',29,0,'ä¸€æ”¯é¡¶4æ”¯ï¼Œè¶…é•¿é¡ºæ»‘ä¹¦å†™','../images/index/yashua.jpg','','','','','','','','','','','','',''),('108','å°ç±³10 é’æ˜¥ç‰ˆ 5G','016',2099,0,'','../images/index/a1.webp','','','','','','','','','','','','',''),('109','å°ç±³10 Pro','016',4999,0,'','../images/index/a2.webp','','','','','','','','','','','','',''),('110','å°ç±³10','016',3999,0,'','../images/index/a3.webp','','','','','','','','','','','','',''),('111','å°ç±³CC9','016',1499,0,'','../images/index/a5.png','','','','','','','','','','','','',''),('112','å°ç±³CC9e','016',1499,0,'','../images/index/a6.png','','','','','','','','','','','','',''),('113','å°ç±³CC9 ç¾Žå›¾å®šåˆ¶ç‰ˆ','016',1999,0,'','../images/index/a6.png','','','','','','','','','','','','',''),('114','Redmi K30 Pro','017',2999,0,'','../images/index/b1.webp','','','','','','','','','','','','',''),('115','Redmi K30 Pro å˜ç„¦ç‰ˆ','017',3799,0,'','../images/index/b2.webp','','','','','','','','','','','','',''),('116','Redmi K30','017',1599,0,'','../images/index/b3.webp','','','','','','','','','','','','',''),('117','Redmi K30 5G','017',1999,0,'','../images/index/b4.webp','','','','','','','','','','','','',''),('118','Redmi 8A','017',599,0,'','../images/index/b5.webp','','','','','','','','','','','','',''),('119','Redmi Note 8','017',999,0,'','../images/index/b6.webp','','','','','','','','','','','','',''),('120','Redmi æ™ºèƒ½ç”µè§† MAX 98','018',19999,0,'','../images/index/c1.webp','','','','','','','','','','','','',''),('121','Redmi çº¢ç±³ç”µè§† 70è‹±å¯¸ R70A','018',3099,0,'','../images/index/c2.webp','','','','','','','','','','','','',''),('122','å°ç±³å£ç”»ç”µè§† 65è‹±å¯¸','018',6999,0,'','../images/index/c3.jpg','','','','','','','','','','','','',''),('123','å°ç±³å…¨å±ç”µè§†E55A','018',1749,0,'','../images/index/c4.jpg','','','','','','','','','','','','',''),('124','å°ç±³ç”µè§†4A 32è‹±å¯¸','018',699,0,'','../images/index/c5.png','','','','','','','','','','','','',''),('125','å°ç±³ç”µè§†4A 55è‹±å¯¸','018',1699,0,'','../images/index/c6.jpg','','','','','','','','','','','','',''),('126','RedmiBook 13','019',4199,0,'','../images/index/d1.webp','','','','','','','','','','','','',''),('127','å°ç±³ç¬”è®°æœ¬Pro 15','019',5499,0,'','../images/index/d2.png','','','','','','','','','','','','',''),('128','RedmiBook 14','019',4299,0,'','../images/index/d3.webp','','','','','','','','','','','','',''),('129','æ¸¸æˆæœ¬2019æ¬¾','019',6999,0,'','../images/index/d4.webp','','','','','','','','','','','','',''),('130','å°ç±³ç¬”è®°æœ¬ 15.6','019',3899,0,'','../images/index/d5.png','','','','','','','','','','','','',''),('131','å°ç±³ç¬”è®°æœ¬Air 12.5','019',3299,0,'','../images/index/d6.png','','','','','','','','','','','','',''),('132','ç±³å®¶äº’è”ç½‘ç©ºè°ƒC1ï¼ˆä¸€çº§èƒ½æ•ˆï¼‰','020',1999,0,'','../images/index/e1.webp','','','','','','','','','','','','',''),('133','ç±³å®¶äº’è”ç½‘ç©ºè°ƒï¼ˆä¸€çº§èƒ½æ•ˆï¼‰','020',1999,0,'','../images/index/e2.png','','','','','','','','','','','','',''),('134','Redmiå…¨è‡ªåŠ¨æ³¢è½®æ´—è¡£æœº1A','020',799,0,'','../images/index/e3.jpg','','','','','','','','','','','','',''),('135','ç±³å®¶äº’è”ç½‘æ´—çƒ˜ä¸€ä½“æœº10kg','020',1999,0,'','../images/index/e4.png','','','','','','','','','','','','',''),('136','ç±³å®¶é£Žå†·å¯¹å¼€é—¨å†°ç®± 483L','020',2099,0,'','../images/index/d5.png','','','','','','','','','','','','',''),('137','å¯†é›†æž¶ä¸¤é—¨å†°ç®±','020',899,0,'','../images/index/d6.png','','','','','','','','','','','','',''),('138','å°ç±³AloTè·¯ç”±å™¨','021',599,0,'','../images/index/f1.webp','','','','','','','','','','','','',''),('139','Redmiè·¯ç”±å™¨AC2100','021',169,0,'','../images/index/f2.webp','','','','','','','','','','','','',''),('140','Redmiè·¯ç”±å™¨AC2100','021',169,0,'','../images/index/f3.webp','','','','','','','','','','','','',''),('141','å°ç±³è·¯ç”±å™¨ Mesh','021',999,0,'','../images/index/f4.jpg','','','','','','','','','','','','',''),('142','å°ç±³è·¯ç”±å™¨4A åƒå…†ç‰ˆ','021',129,0,'','../images/index/f5.jpg','','','','','','','','','','','','',''),('143','å°ç±³è·¯ç”±å™¨ 4C','021',59,0,'','../images/index/f6.jpg','','','','','','','','','','','','',''),('144','å°ç±³ç±³å®¶æ™ºèƒ½æ‘„åƒæœºäº‘å°ç‰ˆ','022',199,0,'','../images/index/g1.jpg','','','','','','','','','','','','',''),('145','å°ç±³å°çˆ±è€å¸ˆ','022',429,0,'','../images/index/g2.jpg','','','','','','','','','','','','',''),('146','å°ç±³ç±³å®¶æ™ºèƒ½é—¨é”','022',1199,0,'','../images/index/g3.jpg','','','','','','','','','','','','',''),('147','Redmiå°çˆ±è§¦å±éŸ³ç®± 8','022',349,0,'','../images/index/g4.webp','','','','','','','','','','','','',''),('148','å°ç±³å°çˆ±è§¦å±éŸ³ç®±','022',199,0,'','../images/index/g5.jpg','','','','','','','','','','','','',''),('149','å°ç±³å°çˆ±è§¦å±éŸ³ç®±','022',0,0,'','../images/index/g6.webp','','','','','','','','','','','','',''),('150','å°ç±³ç¬”è®°æœ¬15.6 MX110 ç‹¬æ˜¾ç‰ˆ','023',3899,0,'','../images/list/pic1.jpg','4299å…ƒ','ç§’æ€','æ»¡å‡','åˆ†æœŸ','','','','','','','','',''),('151','å°ç±³ç¬”è®°æœ¬15.6 é›†æ˜¾ç‰ˆ','023',3799,0,'','../images/list/pic2.jpg','','ç§’æ€','æ»¡å‡','åˆ†æœŸ','','','','','','','','',''),('152','Air13.3 i3 8G 128G é›†æ˜¾ é“¶è‰²','023',3799,0,'','../images/list/pic3.jpg','','ç§’æ€','æ»¡å‡','åˆ†æœŸ','','','','','','','','',''),('153','Pro 15å¢žå¼ºç‰ˆ','023',3799,0,'','../images/list/pic4.jpg','','ç§’æ€','æ»¡å‡','åˆ†æœŸ','','','','','','','','',''),('154','RedmiBook 14 é”é¾™ç‰ˆ','023',3299,0,'','../images/list/pic5.jpg','3699å…ƒ','ç§’æ€','æ»¡å‡','åˆ†æœŸ','','','','','','','','',''),('155','RedmiBook 14 é”é¾™ç‰ˆ','023',4299,0,'','../images/list/pic6.jpg','4899å…ƒ','ç§’æ€','æ»¡å‡','åˆ†æœŸ','','','','','','','','',''),('156','æ¸¸æˆæœ¬2019æ¬¾','023',7499,0,'','../images/list/pic7.jpg','','ç§’æ€','æ»¡å‡','åˆ†æœŸ','','','','','','','','',''),('157','Air 13.3 2019æ¬¾','023',3999,0,'','../images/list/pic8.jpg','','ç§’æ€','æ»¡å‡','åˆ†æœŸ','','','','','','','','',''),('158','Pro 15.6  i7 16G 1050MAX-Q 256G','023',7599,0,'','../images/list/pic9.jpg','','ç§’æ€','æ»¡å‡','åˆ†æœŸ','','','','','','','','',''),('159','Pro 15.6  i7','023',5299,0,'','../images/list/pic10.jpg','','ç§’æ€','æ»¡å‡','åˆ†æœŸ','','','','','','','','',''),('160','Pro 15.6 MX250ç‹¬æ˜¾ç‰ˆ','023',5299,0,'','../images/list/pic11.jpg','','ç§’æ€','æ»¡å‡','åˆ†æœŸ','','','','','','','','',''),('161','Pro 15.6 MX250ç‹¬æ˜¾ç‰ˆ','023',5299,0,'','../images/list/pic12.jpg','','ç§’æ€','æ»¡å‡','åˆ†æœŸ','','','','','','','','',''),('162','Pro 156 MX250ç‹¬æ˜¾ç‰ˆ','024',2799,0,'','../images/list/pic1.jpg','','ç§’æ€','æ»¡å‡','åˆ†æœŸ','','','','','','','','',''),('163','RedmiBook 14 é”é¾™ç‰ˆ','024',3099,0,'','../images/list/pic4.jpg','','ç§’æ€','æ»¡å‡','åˆ†æœŸ','','','','','','','','',''),('164','å°ç±³ç±³å®¶æ™ºèƒ½æ‘„åƒæœºäº‘å°ç‰ˆ','024',3099,0,'','../images/list/pic3.jpg','','ç§’æ€','æ»¡å‡','åˆ†æœŸ','','','','','','','','',''),('165','RedmiBook 14 é”é¾™ç‰ˆ','024',3099,0,'','../images/list/pic5.jpg','','ç§’æ€','æ»¡å‡','åˆ†æœŸ','','','','','','','','',''),('166','Air133 i3 8G 128G é›†æ˜¾ é“¶è‰²','024',6999,0,'','../images/list/pic5.jpg','','ç§’æ€','æ»¡å‡','åˆ†æœŸ','','','','','','','','',''),('167','Pro 156 MX250ç‹¬æ˜¾ç‰ˆ','024',5299,0,'','../images/list/pic7.jpg','','ç§’æ€','æ»¡å‡','åˆ†æœŸ','','','','','','','','',''),('168','Pro 156 MX','024',5299,0,'','../images/list/pic10.jpg','','ç§’æ€','æ»¡å‡','åˆ†æœŸ','','','','','','','','',''),('169','Pro 156 MX','024',5299,0,'','../images/list/pic9.jpg','','ç§’æ€','æ»¡å‡','åˆ†æœŸ','','','','','','','','',''),('170','Pro 156 MX250ç‹¬æ˜¾ç‰ˆ','024',5299,0,'','../images/list/pic11.jpg','','ç§’æ€','æ»¡å‡','åˆ†æœŸ','','','','','','','','',''),('171','é«˜é€Ÿæ— çº¿å……å¥—è£…','024',5299,0,'','../images/list/pic9.jpg','','ç§’æ€','æ»¡å‡','åˆ†æœŸ','','','','','','','','','');
/*!40000 ALTER TABLE `goodsinfo` ENABLE KEYS */;

#
# Structure for table "goodstype"
#

DROP TABLE IF EXISTS `goodstype`;
CREATE TABLE `goodstype` (
  `typeid` char(3) NOT NULL,
  `goodstype` varchar(20) NOT NULL,
  PRIMARY KEY (`typeid`)
) ENGINE=MyISAM DEFAULT CHARSET=utf8;

#
# Data for table "goodstype"
#

/*!40000 ALTER TABLE `goodstype` DISABLE KEYS */;
INSERT INTO `goodstype` VALUES ('001','banner'),('002','shangou'),('003','shouji'),('004','jiadian'),('005','jiadian1'),('006','zhineng'),('007','zhineng1'),('008','jiadian2'),('009','dapei'),('010','dapei1'),('011','peijian'),('012','peijian1'),('013','dape'),('014','zhoubian'),('015','zhoubian1'),('016','menu'),('017','menu1'),('018','menu2'),('019','menu3'),('020','menu4'),('021','menu5'),('022','menu6'),('023','list'),('024','list1');
/*!40000 ALTER TABLE `goodstype` ENABLE KEYS */;

#
# Structure for table "shoppingcart"
#

DROP TABLE IF EXISTS `shoppingcart`;
CREATE TABLE `shoppingcart` (
  `vipName` varchar(11) DEFAULT NULL,
  `goodsId` varchar(10) DEFAULT NULL,
  `goodsCount` int(11) DEFAULT NULL
) ENGINE=MyISAM DEFAULT CHARSET=utf8;

#
# Data for table "shoppingcart"
#

/*!40000 ALTER TABLE `shoppingcart` DISABLE KEYS */;
INSERT INTO `shoppingcart` VALUES ('15202021203','002',4),('15202021203','001',2);
/*!40000 ALTER TABLE `shoppingcart` ENABLE KEYS */;

#
# Structure for table "vip"
#

DROP TABLE IF EXISTS `vip`;
CREATE TABLE `vip` (
  `username` varchar(20) NOT NULL,
  `userpass` varchar(16) NOT NULL,
  `sex` char(2) DEFAULT '女',
  `age` int(11) DEFAULT NULL,
  PRIMARY KEY (`username`)
) ENGINE=MyISAM DEFAULT CHARSET=utf8;

#
# Data for table "vip"
#

/*!40000 ALTER TABLE `vip` DISABLE KEYS */;
INSERT INTO `vip` VALUES ('15202021203','ABCa20bc','女',NULL),('18952030210','Qsd360sp','女',NULL);
/*!40000 ALTER TABLE `vip` ENABLE KEYS */;
